code,system
C333200,readv2
BBr3.00,readv2
BBr3z00,readv2
B631.00,readv2
BBn3.00,readv2
BBnz.00,readv2
BBn..00,readv2
BBn2.11,readv2
BBn2.00,readv2
B630200,readv2
BBn0.12,readv2
B936.12,readv2
B630000,readv2
C333000,readv2
BBmK.00,readv2
C333011,readv2
C88.0,readv2
B630.11,readv2
C333100,readv2
B63z.00,readv2
BBmE.00,readv2
BBm6.00,readv2
B63..00,readv2
BBn0.11,readv2
BBn0.00,readv2
C333z00,readv2
C333.00,readv2
B630400,readv2
BBn2.12,readv2
B630100,readv2
B936.11,readv2
B630.00,readv2
BBn0.14,readv2
31671.0,readv2
99702.0,readv2
99067.0,readv2
101350.0,readv2
16527.0,readv2
3672.0,readv2
71994.0,readv2
64618.0,readv2
53647.0,readv2
15211.0,readv2
10411.0,readv2
43450.0,readv2
73135.0,readv2
26135.0,readv2
102164.0,readv2
18744.0,readv2
64068.0,readv2
46042.0,readv2
63864.0,readv2
4944.0,readv2
39187.0,readv2
108102.0,readv2
21329.0,readv2
22158.0,readv2
43312.0,readv2
108235.0,readv2
37182.0,readv2
43552.0,readv2
110349.0,readv2
39490.0,readv2
52593.0,readv2
9172.0,readv2
38321.0,readv2
104418.0,readv2
19028.0,readv2
43459.0,readv2
C90,readv2
B630300,readv2
BBn0.13,readv2
B630.12,readv2
C333300,readv2
C88.2,readv2